system,n,T,throughput_sig_per_s_mean,throughput_sig_per_s_std,block_latency_s_mean_mean,block_latency_s_mean_std,block_latency_s_p95_mean,block_latency_s_p95_std,bytes_total_mean,bytes_total_std,cpu_s_total_mean,cpu_s_total_std,ledger_bytes_per_node_mean,ledger_bytes_per_node_std
ledger,4,10,268.4782452550612,5.475553005104447,0.03610038433316731,0.0006656216536556356,0.03610038433316731,0.0006656216536556356,67182.0,50.50742519669756,0.05666666666666668,0.01527525231651945,15380.0,12.489995996796797
ledger,4,100,585.6378518594961,64.8284186522709,0.08512316066662606,0.009303378813086353,0.09727242296653459,0.010742293982827465,771784.3333333334,906.6974872212413,0.2333333333333333,0.020816659994661375,223144.0,310.3095228960916
ledger,4,1000,659.5199408396398,25.928317799642176,0.07504597915002857,0.0028911993030469067,0.08544793208332067,0.00459932740533716,7718009.333333333,2577.060793488199,2.08,0.07000000000000028,2231949.3333333335,802.0376134154969
ledger,7,10,143.90791721885287,4.289431084417881,0.06829052433340621,0.00164915212016714,0.06829052433340621,0.00164915212016714,181626.33333333334,181.29074254724904,0.12999999999999998,0.009999999999999957,22847.333333333332,33.827996294982604
ledger,7,100,309.55165566556457,14.455307171902747,0.1608539933333759,0.007412786045384558,0.1700507528334356,0.011589756494678036,2181131.0,909.9884614653089,0.5466666666666667,0.028867513459481322,345442.6666666667,130.14351053099796
ledger,7,1000,320.86201109256905,9.207088864440518,0.15516477451666713,0.004511391516756358,0.18773055009988485,0.012023102655739538,21837595.333333332,5539.854360299359,5.2633333333333345,0.1858314648635512,3458721.3333333335,880.4262225385179
ledger,10,10,82.14033693127055,6.781875543638391,0.12117023333333539,0.009935543618708098,0.12117023333333539,0.009935543618708098,347226.3333333333,345.9050929566357,0.21666666666666667,0.030550504633038877,30317.666666666668,28.29016319029116
ledger,10,100,166.86177858570963,7.400803069452459,0.2991041571666149,0.013604376452297434,0.32301309351667745,0.0128487652107589,4270071.666666667,4143.454637537728,1.0433333333333337,0.04932882862316258,468174.0,447.6013851631829
ledger,10,1000,184.88520349968235,4.9048591313554954,0.2697740530167266,0.007127329453513407,0.29681253728328255,0.01029612484030146,42737845.666666664,13302.464596207537,9.553333333333335,0.21548395145192056,4685808.333333333,1436.7593164248583
ledger,13,10,57.87127149594183,2.4510756131345706,0.17189972533348433,0.007415156302017925,0.17189972533348433,0.007415156302017925,563520.0,254.2813402513051,0.3166666666666666,0.005773502691896171,37735.0,38.118237105091836
ledger,13,100,103.93029586648196,9.040073273058661,0.482650323332867,0.042022257493881644,0.51429325623288,0.0594196381128669,7037470.666666667,3358.423191518965,1.7200000000000009,0.07937253933193784,590941.6666666666,278.5863121787262
ledger,13,1000,114.84437601618932,4.97253713020498,0.4350965580001078,0.01916666502963749,0.5007055287666238,0.033262700010273566,70438590.66666667,8666.368001262743,15.793333333333335,0.6184927916583447,5914476.666666667,688.7708859506434
pubsub,4,10,630.8154228485128,34.87001552111902,0.01413856133315979,0.0005079598930822534,0.01413856133315979,0.0005079598930822534,14244.0,28.844410203711913,0.02666666666666669,0.01527525231651948,0.0,0.0
pubsub,4,100,2872.3442121390867,387.22399512087856,0.01663873733332366,0.0021541007713688294,0.019604418233302567,0.0020854051706929834,141716.0,34.64101615137755,0.05666666666666668,0.020816659994661323,0.0,0.0
pubsub,4,1000,4327.4954194118245,443.597470565213,0.01152017614996718,0.0011176787133647158,0.013963590699737937,0.002359949283856231,1415938.6666666667,156.0170930806413,0.3966666666666668,0.02516611478423585,0.0,0.0
pubsub,7,10,499.710243925329,41.52176486692052,0.018372488999981822,0.0014508830130565004,0.018372488999981822,0.0014508830130565004,24945.666666666668,74.19119444606176,0.03666666666666666,0.005773502691896327,0.0,0.0
pubsub,7,100,1810.425520184752,44.05663690890641,0.026538702166590156,0.0009638682501185754,0.033538616116470625,0.0007052466547615743,247725.33333333334,90.00740710260355,0.10333333333333329,0.011547005383792556,0.0,0.0
pubsub,7,1000,2600.8229686088234,87.97888666061232,0.01909393093330891,0.0006703054118434044,0.021999422050036337,0.0006678978064511025,2478422.3333333335,224.25506311643176,0.6566666666666668,0.011547005383792726,0.0,0.0
pubsub,10,10,305.35178492566666,26.034189925904457,0.030758114000036585,0.002441646354021529,0.030758114000036585,0.002441646354021529,35586.666666666664,80.20806277010738,0.046666666666666634,0.005773502691896198,0.0,0.0
pubsub,10,100,1280.5762878002897,88.55636409156965,0.03795858283334989,0.0022557697401295843,0.0482792825833864,0.0026198575501276307,354146.6666666667,220.07574453658773,0.15333333333333335,0.02309401076758497,0.0,0.0
pubsub,10,1000,1780.1959044548623,75.78571727321263,0.027954298600040298,0.0011841350927235322,0.031087159149456072,0.0013943575798786834,3540040.0,127.67145334803705,0.976666666666667,0.02309401076758514,0.0,0.0
pubsub,13,10,231.30071243929288,25.267338066066834,0.04074876866676883,0.0037881719710324765,0.04074876866676883,0.0037881719710324765,46366.666666666664,213.74361588906672,0.07666666666666667,0.011547005383792525,0.0,0.0
pubsub,13,100,939.6645219669062,108.8009046987277,0.052159087499906796,0.0061121369273507776,0.06364404015005978,0.006361677864356579,459918.3333333333,150.67293497285885,0.19333333333333327,0.011547005383792575,0.0,0.0
pubsub,13,1000,1382.0112151459114,37.906075494610384,0.035983870950046064,0.0009541898736021888,0.039685193983177686,0.0021047515176552275,4602333.666666667,391.15384867509795,1.2933333333333337,0.04041451884327356,0.0,0.0
