Configuration,accuracy,precision,recall,f1,macro_f1,FAR,roc_auc,pr_auc,TP,FP,TN,FN
Signature only (Phase 1),97.23 ± 0.00,99.90 ± 0.00,88.91 ± 0.00,94.09 ± 0.00,96.14 ± 0.00,0.03 ± 0.00,94.44 ± 0.00,91.57 ± 0.00,19919,19,67953,2485
"MLP, all features",99.40 ± 0.26,99.27 ± 0.01,98.29 ± 1.06,98.78 ± 0.54,99.19 ± 0.35,0.24 ± 0.00,99.96 ± 0.01,99.89 ± 0.03,22020,161,67811,384
"XGBoost, all features",99.68 ± 0.05,99.86 ± 0.04,98.83 ± 0.22,99.34 ± 0.11,99.56 ± 0.07,0.05 ± 0.01,100.00 ± 0.00,99.99 ± 0.00,22141,31,67940,262
"Random Forest, all features",99.33 ± 0.01,99.77 ± 0.01,97.51 ± 0.05,98.63 ± 0.03,99.09 ± 0.02,0.07 ± 0.00,99.99 ± 0.00,99.97 ± 0.00,21845,50,67921,558
"Ensemble, all features",99.64 ± 0.15,99.79 ± 0.02,98.75 ± 0.61,99.27 ± 0.30,99.51 ± 0.20,0.07 ± 0.01,100.00 ± 0.00,99.99 ± 0.00,22123,46,67926,280
"HBIDS hybrid, all features",99.72 ± 0.12,99.72 ± 0.01,99.15 ± 0.48,99.43 ± 0.24,99.62 ± 0.16,0.09 ± 0.01,99.98 ± 0.00,99.90 ± 0.00,22213,63,67909,190
"MLP, GA features",99.28 ± 0.18,99.23 ± 0.46,97.85 ± 0.81,98.53 ± 0.37,99.03 ± 0.24,0.25 ± 0.15,99.48 ± 0.40,99.30 ± 0.47,21921,170,67802,482
"XGBoost, GA features",99.42 ± 0.40,99.61 ± 0.51,98.03 ± 1.19,98.81 ± 0.82,99.21 ± 0.55,0.13 ± 0.16,99.98 ± 0.02,99.94 ± 0.07,21963,85,67887,441
"Random Forest, GA features",99.23 ± 0.65,99.61 ± 0.63,97.28 ± 2.02,98.43 ± 1.34,98.96 ± 0.88,0.12 ± 0.20,99.81 ± 0.31,99.59 ± 0.67,21793,83,67888,610
"Ensemble, GA features",99.34 ± 0.54,99.65 ± 0.55,97.69 ± 1.66,98.66 ± 1.11,99.11 ± 0.73,0.11 ± 0.17,99.99 ± 0.01,99.96 ± 0.04,21886,75,67897,517
"HBIDS hybrid, GA features",99.57 ± 0.23,99.58 ± 0.54,98.68 ± 0.53,99.13 ± 0.46,99.42 ± 0.31,0.14 ± 0.18,99.98 ± 0.00,99.88 ± 0.01,22107,93,67878,296
